clip_id,frog_present,notes
airplane_airplane_1962,False,
airplane_airplane_1963,False,
airplane_airplane_1964,False,
airplane_airplane_1965,False,
airplane_airplane_1966,False,
airplane_airplane_1967,False,
airplane_airplane_2124,False,
airplane_airplane_2125,False,
airplane_airplane_2126,False,
airplane_airplane_2127,False,
airplane_airplane_2239,False,
airplane_airplane_2240,False,
airplane_airplane_2242,False,
airplane_airplane_2243,False,
airplane_airplane_2325,False,
airplane_airplane_2326,False,
airplane_airplane_2327,False,
airplane_airplane_2328,False,
airplane_airplane_2346,False,
airplane_airplane_2347,False,
airplane_airplane_2348,False,
airplane_airplane_2349,False,
airplane_airplane_2350,False,
airplane_airplane_2407,True,
airplane_airplane_2408,True,
airplane_airplane_2718,True,
airplane_airplane_2719,True,
airplane_airplane_2720,False,
airplane_airplane_2721,False,
airplane_airplane_2746,False,
airplane_airplane_2747,False,
airplane_airplane_2748,False,
airplane_airplane_2749,False,
airplane_airplane_2827,False,
airplane_airplane_2828,False,
airplane_airplane_2883,False,
airplane_airplane_2884,False,
airplane_airplane_2885,False,
airplane_airplane_2886,False,
airplane_airplane_2887,False,
airplane_airplane_3186,False,
airplane_airplane_3187,False,
airplane_airplane_3188,False,
airplane_airplane_3189,False,
airplane_airplane_3190,False,
airplane_airplane_3191,False,
airplane_airplane_3192,False,
airplane_airplane_3193,False,
airplane_airplane_3194,False,
airplane_airplane_3195,False,
branches_branches_2278,False,
branches_branches_2279,False,
branches_branches_2280,False,
coyote_coyote_4070,False,
coyote_coyote_4071,False,
coyote_coyote_4072,False,
coyote_coyote_4073,False,
coyote_coyote_4074,False,
coyote_coyote_4075,False,
coyote_coyote_4076,False,
coyote_coyote_4077,False,
coyote_coyote_4088,False,
coyote_coyote_4089,False,
coyote_coyote_4098,False,
coyote_coyote_4099,True,
coyote_coyote_4100,False,
coyote_coyote_4101,False,
coyote_coyote_4102,False,
coyote_coyote_4103,False,
coyote_coyote_4104,True,
coyote_coyote_4105,False,
coyote_coyote_4106,False,
coyote_coyote_4107,False,
coyote_coyote_4110,False,
coyote_coyote_4111,False,
coyote_coyote_4112,False,
coyote_coyote_4113,False,
coyote_coyote_4114,True,
coyote_coyote_4115,False,
coyote_coyote_4116,False,
coyote_coyote_4117,False,
coyote_coyote_4128,False,
coyote_coyote_4129,False,
coyote_coyote_4138,False,
coyote_coyote_4139,False,
coyote_coyote_4140,False,
coyote_coyote_4141,False,
coyote_coyote_4148,False,
coyote_coyote_4149,False,
coyote_coyote_4154,False,
coyote_coyote_4155,False,
coyote_coyote_4158,False,
coyote_coyote_4159,False,
coyote_coyote_4160,False,
coyote_coyote_4161,False,
coyote_coyote_4162,False,
coyote_coyote_4163,False,
coyote_coyote_4164,False,
coyote_coyote_4165,False,
coyote_coyote_4166,False,
coyote_coyote_4167,False,
coyote_coyote_4168,False,
coyote_coyote_4170,False,
device_static_device_static_1058,False,
device_static_device_static_1064,False,
device_static_device_static_1070,False,
device_static_device_static_1104,False,
device_static_device_static_1105,False,
device_static_device_static_1110,False,
device_static_device_static_1111,False,
device_static_device_static_1138,True,
device_static_device_static_1266,False,
device_static_device_static_1272,False,
device_static_device_static_1299,False,
device_static_device_static_1306,False,
device_static_device_static_1312,False,
device_static_device_static_1448,False,
device_static_device_static_1460,False,
device_static_device_static_2035,False,
device_static_device_static_2342,False,
device_static_device_static_2343,False,
device_static_device_static_247,False,
device_static_device_static_253,False,
device_static_device_static_2545,False,
device_static_device_static_2633,False,
device_static_device_static_284,False,
device_static_device_static_285,False,
device_static_device_static_290,False,
device_static_device_static_291,False,
device_static_device_static_2974,False,
device_static_device_static_3101,False,
device_static_device_static_327,False,
device_static_device_static_333,False,
device_static_device_static_441,False,
device_static_device_static_455,False,
device_static_device_static_469,False,
device_static_device_static_482,False,
device_static_device_static_496,True,
device_static_device_static_509,False,
device_static_device_static_521,False,
device_static_device_static_535,False,
device_static_device_static_643,False,
device_static_device_static_657,False,
device_static_device_static_680,False,
device_static_device_static_694,False,
device_static_device_static_723,False,
device_static_device_static_737,False,
device_static_device_static_858,False,
device_static_device_static_864,False,
device_static_device_static_870,False,
device_static_device_static_904,True,
device_static_device_static_910,False,
device_static_device_static_938,False,
dog_dog_2398,False,
dog_dog_2400,False,
dog_dog_2625,True,
dog_dog_2688,False,
dog_dog_2689,False,
dog_dog_2690,False,
dog_dog_2691,False,
dog_dog_2791,True,
dog_dog_2792,False,
dog_dog_2793,False,
dog_dog_2794,False,
dog_dog_3150,False,
engine_engine_2329,False,
engine_engine_2377,False,
engine_engine_3093,False,
engine_engine_3094,False,
engine_engine_3095,False,
engine_engine_3096,False,
engine_engine_3142,False,
engine_engine_3143,False,
engine_engine_4174,False,
engine_engine_4175,False,
engine_engine_4176,False,
engine_engine_4177,False,
engine_engine_4188,False,
engine_engine_4189,False,
engine_engine_4200,False,
engine_engine_4201,False,
engine_engine_4202,False,
engine_engine_4203,False,
engine_engine_4214,False,
engine_engine_4215,True,
engine_engine_4216,False,
engine_engine_4217,False,
engine_engine_4228,False,
engine_engine_4229,False,
engine_engine_4248,False,
engine_engine_4249,True,
engine_engine_4258,False,
engine_engine_4259,False,
engine_engine_4260,False,
engine_engine_4261,False,
engine_engine_4262,False,
engine_engine_4263,False,
engine_engine_4264,False,
engine_engine_4265,False,
engine_engine_4266,False,
engine_engine_4267,False,
engine_engine_4270,False,
engine_engine_4271,False,
engine_engine_4272,False,
engine_engine_4273,False,
engine_engine_4274,False,
engine_engine_4275,False,
engine_engine_4276,False,
engine_engine_4277,False,
engine_engine_4288,False,
engine_engine_4289,False,
engine_engine_4298,False,
engine_engine_4299,False,
engine_engine_4300,False,
engine_engine_4301,False,
field_cricket_field_cricket_4302,False,
field_cricket_field_cricket_4303,False,
field_cricket_field_cricket_4315,False,
field_cricket_field_cricket_4316,False,
field_cricket_field_cricket_4317,False,
field_cricket_field_cricket_4329,False,
field_cricket_field_cricket_4458,False,
field_cricket_field_cricket_4459,False,
field_cricket_field_cricket_4464,False,
field_cricket_field_cricket_4465,False,
field_cricket_field_cricket_4467,False,
field_cricket_field_cricket_4470,False,
field_cricket_field_cricket_4471,False,
field_cricket_field_cricket_4473,False,
field_cricket_field_cricket_4498,False,
field_cricket_field_cricket_4504,False,
field_cricket_field_cricket_4505,False,
field_cricket_field_cricket_4507,False,
field_cricket_field_cricket_4510,False,
field_cricket_field_cricket_4511,False,
field_cricket_field_cricket_4513,False,
field_cricket_field_cricket_4538,False,
field_cricket_field_cricket_4539,False,
field_cricket_field_cricket_4659,False,
field_cricket_field_cricket_4665,False,
field_cricket_field_cricket_4666,False,
field_cricket_field_cricket_4667,False,
field_cricket_field_cricket_4671,False,
field_cricket_field_cricket_4672,False,
field_cricket_field_cricket_4673,False,
field_cricket_field_cricket_4698,False,
field_cricket_field_cricket_4699,False,
field_cricket_field_cricket_4706,False,
field_cricket_field_cricket_4707,False,
field_cricket_field_cricket_4712,False,
field_cricket_field_cricket_4713,False,
field_cricket_field_cricket_4840,False,
field_cricket_field_cricket_4841,False,
field_cricket_field_cricket_4842,False,
field_cricket_field_cricket_4854,False,
field_cricket_field_cricket_4855,False,
field_cricket_field_cricket_4856,False,
field_cricket_field_cricket_4868,False,
field_cricket_field_cricket_4869,False,
field_cricket_field_cricket_4881,False,
field_cricket_field_cricket_4882,False,
field_cricket_field_cricket_4883,False,
field_cricket_field_cricket_4895,False,
field_cricket_field_cricket_4896,False,
field_cricket_field_cricket_4897,True,
fireworks_fireworks_2623,False,
fireworks_fireworks_2624,False,
fireworks_fireworks_2821,False,
fireworks_fireworks_2980,False,
fireworks_fireworks_2981,False,
fireworks_fireworks_2982,False,
fireworks_fireworks_2983,False,
fireworks_fireworks_2984,False,
generator_generator_1540,False,
generator_generator_1541,False,
generator_generator_1542,False,
generator_generator_1554,False,
generator_generator_1555,False,
generator_generator_1556,False,
generator_generator_1568,False,
generator_generator_1569,False,
generator_generator_1581,False,
generator_generator_1582,False,
generator_generator_1583,False,
generator_generator_1620,False,
generator_generator_1621,False,
generator_generator_1622,False,
generator_generator_1623,False,
generator_generator_1634,False,
generator_generator_1636,False,
generator_generator_1637,False,
generator_generator_1740,False,
generator_generator_1742,False,
generator_generator_1743,False,
generator_generator_1754,False,
generator_generator_1756,False,
generator_generator_1757,False,
generator_generator_1768,False,
generator_generator_1780,False,
generator_generator_1781,False,
generator_generator_1783,False,
generator_generator_1794,False,
generator_generator_1795,False,
generator_generator_1804,False,
generator_generator_1805,False,
generator_generator_1807,False,
generator_generator_1810,False,
generator_generator_1811,False,
generator_generator_1813,False,
generator_generator_1970,False,
generator_generator_1971,False,
generator_generator_2261,False,
generator_generator_2262,False,
generator_generator_2263,False,
generator_generator_2666,False,
generator_generator_2667,False,
generator_generator_2671,False,
generator_generator_2672,False,
generator_generator_2673,False,
generator_generator_2881,False,
generator_generator_2909,False,
generator_generator_3034,False,
generator_generator_3035,False,
gun_fireworks_2459,False,
gun_fireworks_2460,False,
gun_fireworks_2461,False,
gun_fireworks_2462,False,
gun_fireworks_2463,False,
gun_gun_2045,False,
gun_gun_2046,False,
gun_gun_2333,False,
gun_gun_2334,False,
gun_gun_2335,False,
gun_gun_2576,False,
gun_gun_2577,False,
gun_gun_2578,False,
gun_gun_2579,False,
gun_gun_2580,False,
gun_gun_2581,False,
gun_gun_2582,False,
gun_gun_2583,False,
gun_gun_2601,False,
gun_gun_2602,False,
gun_gun_2603,False,
gun_gun_2800,False,
gun_gun_3092,False,
gun_gun_3176,False,
human_non_vocal_human_non_vocal_2822,False,
human_non_vocal_human_non_vocal_2823,False,
human_non_vocal_human_non_vocal_2824,False,
human_non_vocal_human_non_vocal_2825,False,
human_non_vocal_human_non_vocal_2826,False,
human_non_vocal_human_non_vocal_2906,False,
human_non_vocal_human_non_vocal_2907,False,
human_non_vocal_human_non_vocal_2908,False,
human_vocal_human_vocal_2098,False,
human_vocal_human_vocal_2148,False,
human_vocal_human_vocal_2149,False,
human_vocal_human_vocal_2175,False,
human_vocal_human_vocal_2176,False,
human_vocal_human_vocal_2177,False,
human_vocal_human_vocal_2260,False,
human_vocal_human_vocal_2399,False,
human_vocal_human_vocal_2470,False,
human_vocal_human_vocal_2471,False,
human_vocal_human_vocal_2472,False,
human_vocal_human_vocal_2473,False,
human_vocal_human_vocal_2992,False,
human_vocal_human_vocal_2993,False,
human_vocal_human_vocal_2994,False,
human_vocal_human_vocal_2995,False,
human_vocal_human_vocal_2996,False,
human_vocal_human_vocal_4908,False,
human_vocal_human_vocal_4909,False,
human_vocal_human_vocal_4918,False,
human_vocal_human_vocal_4919,False,
human_vocal_human_vocal_4920,False,
human_vocal_human_vocal_4921,False,
human_vocal_human_vocal_4922,False,
human_vocal_human_vocal_4923,False,
human_vocal_human_vocal_4924,False,
human_vocal_human_vocal_4925,False,
human_vocal_human_vocal_4926,False,
human_vocal_human_vocal_4927,False,
human_vocal_human_vocal_4930,True,
human_vocal_human_vocal_4931,False,
human_vocal_human_vocal_4932,False,
human_vocal_human_vocal_4933,False,
human_vocal_human_vocal_4934,False,
human_vocal_human_vocal_4935,False,
human_vocal_human_vocal_4936,False,
human_vocal_human_vocal_4937,False,
human_vocal_human_vocal_4940,False,
human_vocal_human_vocal_4941,False,
human_vocal_human_vocal_4942,False,
human_vocal_human_vocal_4943,False,
human_vocal_human_vocal_4946,False,
human_vocal_human_vocal_4947,False,
human_vocal_human_vocal_4953,False,
human_vocal_human_vocal_4954,False,
human_vocal_human_vocal_4955,False,
human_vocal_human_vocal_4956,False,
human_vocal_human_vocal_4957,True,
human_vocal_human_vocal_4968,False,
human_vocal_human_vocal_4969,False,
metal_clanging_metal_clanging_1961,True,
metal_clanging_metal_clanging_2000,False,
metal_clanging_metal_clanging_2001,False,
metal_clanging_metal_clanging_2002,False,
metal_clanging_metal_clanging_2057,False,
metal_clanging_metal_clanging_2086,False,
metal_clanging_metal_clanging_2087,False,
metal_clanging_metal_clanging_2088,False,
metal_clanging_metal_clanging_2089,False,
metal_clanging_metal_clanging_2090,False,
metal_clanging_metal_clanging_2091,False,
metal_clanging_metal_clanging_2092,False,
metal_clanging_metal_clanging_2093,False,
metal_clanging_metal_clanging_2189,False,
metal_clanging_metal_clanging_2190,False,
metal_clanging_metal_clanging_2238,False,
metal_clanging_metal_clanging_2277,False,
metal_clanging_metal_clanging_2376,False,
metal_clanging_metal_clanging_2406,True,
metal_clanging_metal_clanging_2536,False,
metal_clanging_metal_clanging_2571,False,
metal_clanging_metal_clanging_2574,False,
metal_clanging_metal_clanging_2575,False,
metal_clanging_metal_clanging_2740,False,
metal_clanging_metal_clanging_2741,False,
metal_clanging_metal_clanging_2758,False,
metal_clanging_metal_clanging_2773,False,
metal_clanging_metal_clanging_2798,False,
metal_clanging_metal_clanging_2799,False,
metal_clanging_metal_clanging_2807,False,
metal_clanging_metal_clanging_2808,False,
metal_clanging_metal_clanging_2809,False,
metal_clanging_metal_clanging_2837,False,
metal_clanging_metal_clanging_2838,False,
metal_clanging_metal_clanging_2840,False,
metal_clanging_metal_clanging_2841,False,
metal_clanging_metal_clanging_2882,False,
metal_clanging_metal_clanging_2888,False,
metal_clanging_metal_clanging_2893,False,
metal_clanging_metal_clanging_2894,False,
metal_clanging_metal_clanging_3073,False,
metal_clanging_metal_clanging_3079,False,
metal_clanging_metal_clanging_3097,False,
metal_clanging_metal_clanging_3098,False,
metal_clanging_metal_clanging_3144,False,
metal_clanging_metal_clanging_3177,False,
metal_clanging_metal_clanging_3178,False,
metal_clanging_metal_clanging_3202,False,
metal_clanging_metal_clanging_3203,False,
metal_clanging_metal_clanging_3204,False,
nutria_nutria_141,False,
nutria_nutria_144,False,
nutria_nutria_145,False,
nutria_nutria_146,False,
nutria_nutria_147,False,
nutria_nutria_150,False,
nutria_nutria_151,False,
nutria_nutria_152,False,
nutria_nutria_153,False,
nutria_nutria_155,False,
nutria_nutria_169,False,
nutria_nutria_178,False,
nutria_nutria_179,False,
nutria_nutria_18,False,
nutria_nutria_182,False,
nutria_nutria_183,False,
nutria_nutria_184,False,
nutria_nutria_185,False,
nutria_nutria_186,False,
nutria_nutria_187,False,
nutria_nutria_19,False,
nutria_nutria_190,False,
nutria_nutria_191,False,
nutria_nutria_192,False,
nutria_nutria_193,False,
nutria_nutria_196,False,
nutria_nutria_218,True,
nutria_nutria_219,False,
nutria_nutria_222,False,
nutria_nutria_223,True,
nutria_nutria_224,True,
nutria_nutria_225,True,
nutria_nutria_226,True,
nutria_nutria_227,False,
nutria_nutria_23,False,
nutria_nutria_230,True,
nutria_nutria_231,False,
nutria_nutria_232,False,
nutria_nutria_233,False,
nutria_nutria_236,False,
nutria_nutria_237,False,
nutria_nutria_24,False,
nutria_nutria_25,False,
nutria_nutria_26,False,
nutria_nutria_27,False,
nutria_nutria_30,False,
nutria_nutria_31,False,
nutria_nutria_32,False,
nutria_nutria_33,False,
nutria_nutria_37,False,
power_tools_power_tools_2122,False,
power_tools_power_tools_2457,False,
power_tools_power_tools_2642,False,
power_tools_power_tools_2643,False,
power_tools_power_tools_2901,False,
power_tools_power_tools_2902,False,
power_tools_power_tools_2903,False,
power_tools_power_tools_2904,False,
power_tools_power_tools_2905,True,
power_tools_power_tools_3013,False,
power_tools_power_tools_3014,False,
power_tools_power_tools_3015,False,
power_tools_power_tools_3016,False,
power_tools_power_tools_3017,False,
power_tools_power_tools_5840,False,
power_tools_power_tools_5841,False,
power_tools_power_tools_5842,False,
power_tools_power_tools_5843,False,
power_tools_power_tools_5844,False,
power_tools_power_tools_5845,False,
power_tools_power_tools_5847,False,
power_tools_power_tools_5850,False,
power_tools_power_tools_5851,False,
power_tools_power_tools_5853,False,
power_tools_power_tools_5854,False,
power_tools_power_tools_5855,False,
power_tools_power_tools_5856,False,
power_tools_power_tools_5857,False,
power_tools_power_tools_5868,False,
power_tools_power_tools_5869,False,
power_tools_power_tools_5878,False,
power_tools_power_tools_5879,False,
power_tools_power_tools_5880,False,
power_tools_power_tools_5881,False,
power_tools_power_tools_5882,False,
power_tools_power_tools_5883,False,
power_tools_power_tools_5884,False,
power_tools_power_tools_5885,False,
power_tools_power_tools_5886,False,
power_tools_power_tools_5887,False,
power_tools_power_tools_5890,False,
power_tools_power_tools_5891,False,
power_tools_power_tools_5892,False,
power_tools_power_tools_5893,False,
power_tools_power_tools_5894,False,
power_tools_power_tools_5895,False,
power_tools_power_tools_5896,False,
power_tools_power_tools_5897,False,
power_tools_power_tools_5908,False,
power_tools_power_tools_5909,False,
thunder_thunder_2439,False,
thunder_thunder_2440,False,
thunder_thunder_2441,False,
thunder_thunder_2442,True,
thunder_thunder_2551,False,
thunder_thunder_2552,False,
thunder_thunder_2553,False,
thunder_thunder_2554,False,
thunder_thunder_2555,False,
thunder_thunder_2556,False,
thunder_thunder_2644,False,
thunder_thunder_2645,False,
thunder_thunder_2646,True,
thunder_thunder_2647,True,
thunder_thunder_2648,True,
thunder_thunder_2707,True,
thunder_thunder_2708,False,
thunder_thunder_2709,False,
thunder_thunder_2710,False,
thunder_thunder_2796,False,
thunder_thunder_2797,False,
traffic_traffic_1491,False,
traffic_traffic_1492,False,
traffic_traffic_1494,False,
traffic_traffic_1495,False,
traffic_traffic_1519,False,
traffic_traffic_1520,False,
traffic_traffic_1521,False,
traffic_traffic_1686,False,
traffic_traffic_1687,False,
traffic_traffic_1690,False,
traffic_traffic_1692,False,
traffic_traffic_1693,False,
traffic_traffic_1694,False,
traffic_traffic_1718,False,
traffic_traffic_1719,False,
traffic_traffic_1720,False,
traffic_traffic_1721,False,
traffic_traffic_1848,False,
traffic_traffic_1928,False,
traffic_traffic_2229,False,
traffic_traffic_2402,False,
traffic_traffic_2403,False,
traffic_traffic_2404,False,
traffic_traffic_2405,False,
traffic_traffic_2412,False,
traffic_traffic_2413,False,
traffic_traffic_2416,False,
traffic_traffic_2548,True,
traffic_traffic_2563,False,
traffic_traffic_2564,False,
traffic_traffic_2565,False,
traffic_traffic_2572,False,
traffic_traffic_2573,False,
traffic_traffic_2628,False,
traffic_traffic_2629,False,
traffic_traffic_2764,False,
traffic_traffic_2765,False,
traffic_traffic_2766,False,
traffic_traffic_2767,False,
traffic_traffic_2819,False,
traffic_traffic_2820,False,
traffic_traffic_2940,True,
traffic_traffic_2941,True,
traffic_traffic_2942,True,
traffic_traffic_2943,True,
traffic_traffic_2985,False,
traffic_traffic_2986,False,
traffic_traffic_3068,False,
traffic_traffic_3069,False,
traffic_traffic_3085,False,
water_water_1996,False,
water_water_1997,False,
water_water_1998,False,
water_water_1999,False,
water_water_2003,False,
water_water_2004,False,
water_water_2302,False,
water_water_2303,False,
water_water_2735,False,
water_water_2736,False,
water_water_2737,False,
wind_wind_1958,False,
wind_wind_1959,False,
wind_wind_1973,False,
wind_wind_2049,False,
wind_wind_2061,False,
wind_wind_2062,False,
wind_wind_2063,False,
wind_wind_2076,True,
wind_wind_2077,True,
wind_wind_2101,False,
wind_wind_2102,False,
wind_wind_2103,False,
wind_wind_2248,False,
wind_wind_2249,False,
wind_wind_2274,False,
wind_wind_2275,False,
wind_wind_2300,False,
wind_wind_2301,False,
wind_wind_2314,False,
wind_wind_2315,False,
wind_wind_2317,True,
wind_wind_2498,False,
wind_wind_2499,False,
wind_wind_2511,True,
wind_wind_2512,False,
wind_wind_2513,False,
wind_wind_2664,False,
wind_wind_2665,False,
wind_wind_2704,False,
wind_wind_2705,False,
wind_wind_2842,False,
wind_wind_2843,True,
wind_wind_2854,False,
wind_wind_2895,False,
wind_wind_2897,False,
wind_wind_2920,False,
wind_wind_2922,False,
wind_wind_2923,False,
wind_wind_2934,False,
wind_wind_3021,False,
wind_wind_3022,False,
wind_wind_3023,False,
wind_wind_3141,False,
wind_wind_3155,True,
wind_wind_3169,False,
wind_wind_3183,False,
wind_wind_3196,False,
wind_wind_3197,False,
wind_wind_3208,False,
wind_wind_3209,False,
wind_wind_3209,False,
wind_wind_3209,False,
wind_wind_3209,False,
wind_wind_3209,False,
wind_wind_3209,False,
